Titles,No of review,Price
Sunfeast YiPPee Mood Masala,No reviews,₹ 58
"Sunfeast Marie Light Active, 250g",15 reviews,₹ 24
Sunfeast Marie Light Veda,No reviews,₹ 24
"Sunfeast Marie Light Active, 300g",3 reviews,₹ 24
Sunfeast YiPPee Magic Masala 560g,No reviews,₹ 74.40
Sunfeast Marie Light Veda,6 reviews,₹ 8
Sunfeast Marie Light Veda,5 reviews,₹ 24
Sunfeast Marie Light Veda,No reviews,₹ 8
Sunfeast Marie Light Vita Orange,15 reviews,₹ 12
Sunfeast Marie Light Oats Fibre,9 reviews,₹ 20
"Sunfeast All rounder biscuits: Thin Potato Masala salted biscuits, 75g",15 reviews,₹ 16
"Sunfeast Dark Fantasy Chocolate Creme, 300g",12 reviews,₹ 60
"Sunfeast Dark Fantasy Vanilla Creme, 300g",16 reviews,₹ 60
"Sunfeast Dark Fantasy Choco Nut Fills, 75g",22 reviews,₹ 24
Sunfeast Farmlite Veda Digestive Biscuit 250g,16 reviews,₹ 44
Sunfeast Farmlite Veda Digestive Biscuit 100g,15 reviews,₹ 16
Sunfeast Farmlite Nuts Digestive Biscuit 250g,13 reviews,₹ 48
Sunfeast Farmlite Nuts Digestive Biscuit 100g,6 reviews,₹ 20
Sunfeast Farmlite 5 Seed Digestive Biscuit 250g,18 reviews,₹ 48
Sunfeast Farmlite 5 Seed Digestive Biscuit 100g,9 reviews,₹ 20
Sunfeast YiPPee! Quikmealz Chicken Delight,3 reviews,₹ 40
Sunfeast YiPPee! Quikmealz Veggie Delight,2 reviews,₹ 36
Sunfeast Mom's Magic Cashew & almonds 100+20g,11 reviews,₹ 16
Sunfeast YiPPee! Tricolor Pasta Masala 65g,No reviews,₹ 20
YiPPee! Tricolor Pasta Corn 65G Promo,No reviews,₹ 20
ITC Sunfeast YiPPee! Saucy Masala 260G,14 reviews,₹ 46.40
ITC Sunfeast YiPPee! Saucy Masala 65G,12 reviews,₹ 12
Magic Masala 360G Rs.68 Tray Promo,14 reviews,₹ 54.40
Magic Masala 240G Rs.40 Tray Promo,22 reviews,₹ 32
"Sunfeast Marie Light Vita, 300g",No reviews,₹ 30.40
Magic Masala 420G Rs.68 Tray Promo,14 reviews,₹ 54.40
Magic Masala 280G Rs.46 Tray Promo,22 reviews,₹ 32
"Sunfeast Caker Trinity with Choco, 324g",No reviews,₹ 96
"Sunfeast Caker Trinity Cake, Triple Chocolate, 27g",36 reviews,₹ 8
"Sunfeast Caker Swiss Roll with Choco, 336g",No reviews,₹ 96
"Sunfeast Caker Swiss Roll Cake, Chocolate, 28g",28 reviews,₹ 8
"Sunfeast Caker Layered with Butterscotch Flavour, 300g",No reviews,₹ 96
"Sunfeast Caker Layered Cake,  Butterscotch , 25g",26 reviews,₹ 8
Sunfeast YiPPee! Noodles Magic Masala 135g,10 reviews,₹ 24
Sunfeast YiPPee! Magic Masala Noodles 140g,No reviews,₹ 23
Sunfeast YiPPee! Noodles Magic Masala 405g,1 review,₹ 56
YiPPee! Magic Masala Noodles 280G,No reviews,₹ 36.80
Yippee! Magic Masala Noodles 70G,6 reviews,₹ 12
Yippee! Magic Masala Noodles 32G,No reviews,₹ 5
Sunfeast Dark Fantasy Yumfills Cake 253g,21 reviews,₹ 112
Sunfeast Dark Fantasy Yumfills Cake 138g,4 reviews,₹ 48
Sunfeast Farmlite Digestive All Good Biscuits 100g,20 reviews,₹ 20
Sunfeast Farmlite Active Oats with Chocolate Biscuits 150g,2 reviews,₹ 40
Sunfeast Farmlite Active Oats with Almonds Biscuits 150g,18 reviews,₹ 40
Sunfeast Farmlite Active Oats with Raisins Biscuits 150g,20 reviews,₹ 40
